Tags, Scenario Name, First Step, Error Message, Failure Type, QA Owner,,
@regression @AllForms @FWD-475 @AllForms @P3 @desktop @defect-FWD-5479, AllForms - Validating the CSS of desktop view,"I open ""Support Form Page""","CSS property of ""//*[@data-locator='AllFormList-Title']"" does not match: expected '""rgba(0001)""' to include 'rgba(5151511)'",Defect,Rajiv Gautam,,
@regression @ClaimCardList @defect-connetMissing-3 @FWD-1869 @ClaimCardList @P3 @defect-FWD-5029, ClaimCardList - Validating the CSS,"I open ""Claims Page""","element (""//*[@data-locator='ClaimCardList-Filter']/div"") still not visible after 50000ms",Defect,Anchal Vaish,,
@regression @ClaimCardVariant @P1 @FWD-1928 @ClaimCardVariant @P3 @fail, ClaimCardVariant - Validating the CSS,"I open ""Claims detail Page""","CSS property of ""(//*[@data-locator='ContentBlock-Button'])[3]/child::span/h6"" does not match: expected '""rgba(2552552551)""' to include 'rgba(232119341)'",CSS Property Issue,Anchal Vaish,,
@regression @DownloadForms @Rajiv @FWD-474 @DownloadFormss @P3, DownloadForms - Validating the CSS,"I open ""Claims Page""","CSS property of ""(//*[@data-locator='FormListItem-DocumentTitle'])[1]"" does not match: expected '""24px""' to include '20px'",CSS Property Issue,Rajiv Gautam,,
@regression @FWD-400 @DynamicTagList @P3 @desktop @creative @defect-content-missing-5 @test, Dynamic Tag List - Validate creative attributes,"I open ""Article Page""",Cannot read property 'toLowerCase' of undefined,Defect,Bhawna Vohra,,
@regression @2713 @EditEnquiryFlow, Validating the Enquiry Summary after the Calculation,"I open ""ValueProtector Page""","element (""//*[@data-locator='ProductPlanList-Container']"") still not visible after 50000ms",Functional Issue,Not Assigned,,
@regression @2713 @EditEnquiryFlow @2713 @creative, Validating the CSS properties for Edit Enquiry Summary Screen,"I validate css properties for ""Enquiry Summary Title""","element (""//*[@data-locator='Enquiry-Summary-Title']"") still not visible after 50000ms",Functional Issue,Not Assigned,,
@regression @Career - Employee details page @FWD-394 @Career @P3 @desktop @defect-FWD-5305, Career - Employee details page - The FWD difference creative attributes,"I open ""Employee detail page""","CSS property of ""(//*[@data-locator='ContentBlock-Button' and @type='button'])[1]//*[@data-mui-test='ArrowRightIcon']"" does not match: expected '""rgba(232119341)""' to include 'rgba(2552552551)'",Defect,Parveen Awasthi,,
@regression @Career - Employee details page @FWD-394 @InfoCard @P3 @defect-FWD-5305, Infocard - Validate creative attributes,"I open ""Employee detail page""","CSS property of ""(((//div[contains(@id'Flexi-Container')])[1]//*[@data-locator='ContentBlock-Button'])[1]/span)[1]/h6"" does not match: expected '""rgba(2552552551)""' to include 'rgba(232119341)'",Defect,Parveen Awasthi,,
@regression @Career - Employee details page @FWD-394 @Employee @P3 @desktop @fail, Flexi content block - Validate creative attributes,"I open ""Employee detail page""","element (""(((//div[contains(@id'Flexi-Container')])[1]//*[@data-locator='ContentBlock-Button'])[2]/span)[1]/h6"") still not visible after 50000ms",Functional Issue,Parveen Awasthi,,
@regression @FWD-288 @GlobalSearch @P1, Global Search Filters - Validating The Components Presence,"I open ""FWD Search Page""","element (""//*[@data-locator='Global-Search-Filter-title']/p"") still not visible after 50000ms",Functional Issue,Bhawna Vohra,,
@regression @GlobalSearch @FWD-288 @P3, Global Search - Validate creative attributes,"I open ""FWD Search Page""","element (""//*[@data-locator='Global-Search-Filter-title']/p"") still not visible after 50000ms",Functional Issue,Bhawna Vohra,,
@regression @FWD-190 @P3 @creative, Global Share- Validate creative attributes,"I open ""ValueProtector Page""","element (""//*[@data-locator='HeroBanner-ShareIcon']"") still not visible after 50000ms",Functional Issue,Not Assigned,,
@regression @FWD-1154 @regressionbh @FWD-1154 @P3, DownloadForms - Validating the CSS,"I open ""Group Claims Page""","CSS property of ""(//*[@data-locator='FormListItem-DocumentTitle'])[1]"" does not match: expected '""24px""' to include '20px'",CSS Property Issue,Bhawna Vohra,,
@regression @GroupInsuranceForm @FWD-1835 @GroupInsuranceForm @P1, GroupInsuranceForm - Validating the Group Insurance Enquiry Form,"I open ""Group Insurance Form Page""",Group Enquiry Preferred Dayis not displayed in the message: expected 'Our customer service officer will be calling you at your preferred time ({preferredDay} {preferredTime})' to include 'weekend',Functional Issue,Sanchita Gupta,,
@regression @GroupInsuranceForm @FWD-4649 @GroupInsuranceForm @P3 @creative @defect-FWD-5475, GroupInsuranceForm - Validate creative attributes,"I validate css properties for ""Group Enquiry Message TitleText""","CSS property of ""//div[contains(@class'noOfMembers')]"" does not match: expected '""40px""' to include '57px'",Defect,Sanchita Gupta,,
@regression @GroupInsuranceLanding @FWD-1153 @P3 @defect-FWD-5420, CardList - Validating the CSS,"I validate css properties for ""FWD CardList""","CSS property of ""(//*[@data-locator='CardList-Description'])[1]"" does not match: expected '""0px""' to include '24px'",Defect,Sanchita Gupta,,
@regression @GroupInsuranceLanding @FWD-1153 @P3 @desktop @defect-FWD-5480, Support - Validating the CSS,"I validate css properties for ""Support Options Component""","CSS property of ""(//*[@data-locator='Support-Item-Title'])[1]"" does not match: expected '""20px""' to include '16px'",Defect,Sanchita Gupta,,
@regression @SearcHeader @FWD-298 @desktop @P1, Recent search keywords in order of most recent on top,"I open ""FWD Search Page""",Topsupersaveris not present: expected false to be true,Other Issue,Jitendra Nakra,,
@regression @JoinUs @FWD-197 @PlanRecommender @P1, Content Block - Validating the Components Presence,"I open ""ValueProtector Page""","element (""(//*[@data-locator='ContentBlock-Wrapper']//*[@display='flex'])[2]"") still not visible after 50000ms",Functional Issue,Sanchita Gupta,,
@regression @JoinUs @FWD-1798 @PDPContentBlock @P2, PDP Content Block With Media- Validating the Components Presence,"I open ""ValueProtector Page""","element (""(//*[@data-locator='ContentBlock-Wrapper'])[1]"") still not visible after 50000ms",Functional Issue,Sanchita Gupta,,
@regression @JoinUs @FWD-1798 @PDPContentBlock @P3, PDP Content Block - Validate creative attributes,"I open ""ValueProtector Page""","element (""(//*[@data-locator='ContentBlock-Wrapper'])[1]//*[@data-locator='ContentBlock-Header']"") still not visible after 50000ms",Functional Issue,Sanchita Gupta,,
@regression @JoinUs @FWD-1866 @P3, PDP Content Block - Validate creative attributes,"I open ""ValueProtector Page""","element (""(//*[@data-locator='ContentBlock-Wrapper'])[1]//*[@data-locator='ContentBlock-Header']"") still not visible after 50000ms",Functional Issue,Sanchita Gupta,,
@regression @FWD-479 @P1 @Map_results_cards, Validating the MapCards functionality for Individual/Group Hospitals and Agent/Branch offices details based on FilterType,"I open ""SupportLanding Page""","element (""//*[@data-locator='MAPS_PLAN_TYPE_WRAPPER']/div/div[2]"") still not visible after 50000ms",Functional Issue,Bhawna Vohra,,
@regression @FWD-479 @P1 @Map_results_cards, Validating the MapCards functionality for Individual/Group Hospitals and Agent/Branch offices details based on FilterType,"I open ""SupportLanding Page""",Expected Search count 4 and json count 16: expected false to be true,Other Issue,Bhawna Vohra,,
@regression @FWD-479 @P3, Maps - Validating the CSS for the MapFacets,"I open ""SupportLanding Page""","CSS property of ""(//*[@data-locator='MAPS_PLAN_TYPE'])[1]"" does not match: expected '""32px""' to include '24px'",CSS Property Issue,Not Assigned,,
@regression @FWD-479 @P3, Maps - Validating the CSS for the MapCard,"I open ""BranchLocator Page""","CSS property of ""(//*[@data-locator='MAPS_PLAN_TYPE'])[2]"" does not match: expected '""32px""' to include '24px'",CSS Property Issue,Not Assigned,,
@regression @RegDisclosure @FWD-398 @RegDisclosure @P1, RegDisclosure - Validating the Components Presence of Component,"I open ""CancerFighter Page""","element (""//*[@data-locator='SmallPrint-Title']"") still not visible after 50000ms",Functional Issue,Anchal Vaish,,
@regression @RegDisclosure @FWD-398 @RegDisclosure @P1, RegDisclosure - Validating the Components Presence of Modal windoww,"I open ""CancerFighter Page""","element (""//*[@data-locator='SmallPrint-ModalLink']"") still not visible after 50000ms",Functional Issue,Anchal Vaish,,
@regression @PlanCards @FWD-1790 @PlanCards @P1, PlanCard - Validating the Components Presence of PlanCards,"I open ""CancerFighter Page""","element (""(//*[@data-locator='ProductPlanCard-TooltipIcon'])[1]"") still not visible after 50000ms",Functional Issue,Rajiv Gautam,,
@regression @PlanCards @FWD-1790 @PlanCards @P2, PlanCard - Validating the Expand Icon Functionality,"I open ""CancerFighter Page""","element (""(//*[@data-locator='LabelValueList-0'])[1]"") still not visible after 50000ms",Functional Issue,Rajiv Gautam,,
@regression @PlanCards @FWD-1790 @PlanCards @P3, PlanCards - Validating the CSS,"I open ""CancerFighter Page""","element (""(//*[@data-locator='ProductPlanCard-TooltipIcon'])[1]"") still not visible after 50000ms",Functional Issue,Rajiv Gautam,,
@FWD-194 @regression @PlanCardList @FWD-194 @PlanCardList @P1 @regression, PlanCardList - Validating the Components Presence of PlanCardList,"I open ""ValueProtector Page""","element (""//*[@data-locator='ProductPlanList-Container']"") still not visible after 50000ms",Functional Issue,Anjali Gulati,,elementg available
@FWD-194 @regression @PlanCardList @FWD-194 @regression @P2, PlanCardList - Validating the Terms and Conditions for Products,"I open ""ValueProtector Page""","element (""//*[@data-locator='ProductPlanList-Primary-Cta']"") still not visible after 50000ms",Functional Issue,Anjali Gulati,,
@FWD-194 @regression @PlanCardList @FWD-194 @regression @P2, PlanCardList - Validate that Carousel is displyed when there are more than 3 cards,"I open ""ValueProtector Page""","element (""//*[@data-locator='ProductPlanCard']"") still not visible after 50000ms",Functional Issue,Anjali Gulati,,elementg available
@FWD-194 @regression @PlanCardList @FWD-194 @regression @P2, PlanCardList - Validate the selected state of Card,"I open ""ValueProtector Page""","element (""(//*[@data-locator='LabelValueList-ExpandIcon'])[1]"") still not visible after 50000ms",Functional Issue,Anjali Gulati,,elementg available
@FWD-194 @regression @PlanCardList @FWD-194 @regression @P2, PlanCardList - Validate the EnquiryFlow,"I open ""ValueProtector Page""","element (""(//*[@data-locator='LabelValueList-ExpandIcon'])[1]"") still not visible after 50000ms",Functional Issue,Anjali Gulati,,elementg available
@FWD-194 @regression @PlanCardList @FWD-194 @P3, PlanCardList - Validate creative attributes,"I open ""ValueProtector Page""","element (""//*[@data-locator='ProductPlanList-Heading']"") still not visible after 50000ms",Functional Issue,Anjali Gulati,,
@FWD-194 @regression @PlanCardList @FWD-4638 @P3 @test @desktop, User Chose to see plans based on Premium Selection - SA Dropdown Config,"I open ""ValueProtector Page""","element (""(//*[@data-locator='ContentBlock-Wrapper']//button[@data-locator='ContentBlock-Button'])[1]"") still not visible after 50000ms",Functional Issue,Anjali Gulati,,
@regression @PressRelease @FWD-394 @FWD-395 @PressRelease @P3 @defect-FWD-5196, Press Release - Validate creative attributes,"I open ""About Us Page""","CSS property of ""(//*[@data-locator='DynamicCardList-Wrapper'])[1]"" does not match: expected '""395.359px""' to include '392px'",Defect,Rajiv Gautam,,
@regression @PrivilegeCards @FWD-1046 @PrivilegeCards @P1, PrivilegeCards -Validating the PrivilegeTier component presence,"I open ""PrivilegeCards Page""","element (""(//*[@data-locator='CardList-Container'])[1]/p[@data-locator='CardList-Description']"") still not visible after 50000ms",Functional Issue,Anchal Vaish,,
@regression @ProductPromotionsFilter @FWD-1065 @ProductPromotionsFilter @P3, ProductPromotionsFilter - Validating the CSS,"I open ""Products Page""","CSS property of ""//*[@data-locator='ProductListSubFilter-PromotionButton']"" does not match: expected '""19px""' to include '18px'",CSS Property Issue,Anchal Vaish,,
@regression @FWD-1812 @ProductRelatedArticle @FWD-1812 @SupportOptions @Enquiry @P2, Support Options - Validating the functionality for Enquiry,"I open ""ValueProtector Page""","element (""(//*[@data-locator='Support-Item' and @data-type='modal'])[1]"") still not visible after 50000ms",Functional Issue,Anjali Gulati,,
@regression @FWD-1812 @ProductRelatedArticle @FWD-1812 @SupportOptions @Claims @P1, Support Options - Validating the functionality for Claims,"I open ""ValueProtector Page""","element (""(//*[@data-locator='Support-Item' and @data-type='generic_link'])[1]"") still not visible after 50000ms",Functional Issue,Anjali Gulati,,
@regression @Calculator @FWD-1040 @P1, Splash Screen - Validating the Components Presence,"I open ""ValueProtector Page""","element (""//*[@data-locator='ProductPlanList-Container']"") still not visible after 50000ms",Functional Issue,Jitendra Nakra,,elementg available
@regression @Calculator @FWD-1040 @P1, Validating the Series of Questions Post CLick CTA on Splash Screen- Gender Screen,"I open ""ValueProtector Page""","element (""//*[@data-locator='ProductPlanList-Container']"") still not visible after 50000ms",Functional Issue,Jitendra Nakra,,elementg available
@regression @Calculator @FWD-1040 @P1, Validating the Series of Questions -Date Of Birth Screen,"I open ""ValueProtector Page""","element (""//*[@data-locator='ProductPlanList-Container']"") still not visible after 50000ms",Functional Issue,Jitendra Nakra,,elementg available
@regression @Calculator @FWD-1040 @P1 @fail, - User Gets the screen based on Calculated Options from CMS - SA Dropdown Config,"I open ""ValueProtector Page""","element (""//*[@data-locator='ProductPlanList-Container']"") still not visible after 50000ms",Functional Issue,Jitendra Nakra,,elementg available
@regression @Recommender @FWD-1040 @P1, Splash Screen - Validating the Components Presence,"I open ""ValueProtector Page""","element (""(//*[@data-locator='ContentBlock-Wrapper']//*[@display='flex'])[2]"") still not visible after 50000ms",Functional Issue,Jitendra Nakra,,elementg available
@regression @Recommender @FWD-1040 @P1, Validating the Series of Questions Post CLick CTA on Splash Screen- Gender Screen,"I open ""ValueProtector Page""","element (""(//*[@data-locator='ContentBlock-Wrapper']//*[@display='flex'])[2]"") still not visible after 50000ms",Functional Issue,Jitendra Nakra,,elementg available
@regression @Recommender @FWD-1040 @P1, Validating the Series of Questions -Date Of Birth Screen,"I open ""ValueProtector Page""","element (""(//*[@data-locator='ContentBlock-Wrapper']//*[@display='flex'])[2]"") still not visible after 50000ms",Functional Issue,Jitendra Nakra,,elementg available
@regression @Recommender @FWD-213 @P1, User Chose to see plans based on Premium Selection - SA Dropdown Config,"I open ""ValueProtector Page""","element (""(//*[@data-locator='ContentBlock-Wrapper']//*[@display='flex'])[2]"") still not visible after 50000ms",Functional Issue,Jitendra Nakra,,elementg available
@regression @Calculator @FWD-1040 @P1, - User Chose to see plans based on Premium Selection - SA Dropdown Config,"I open ""SADrpPrStepper ValueProtector Page""","An element could not be located on the page using the given search parameters (""//*[@class='MuiList-root MuiMenu-list MuiList-padding']//li[contains(@data-value'monthly')]"").",Functional Issue,Jitendra Nakra,,
@regression @Calculator @FWD-1040 @P1, - User Chose to see plans based on Premium Selection - Sum Assurance Stepper Config,"I open ""SAStepperPrDrp ValueProtector Page""","An element could not be located on the page using the given search parameters (""//*[@class='MuiList-root MuiMenu-list MuiList-padding']//li[contains(@data-value'monthly')]"").",Functional Issue,Jitendra Nakra,,
@regression @Rider @FWD-213 @P1 @fail, User sees the compatible riders without Checkbox Variation with SumAssurance as Input and Premium as Frequency,"I open ""SAStepperPrDrp ValueProtector Page""","element (""(//*[@data-locator='ContentBlock-Wrapper']//*[@display='flex'])[2]"") still not visible after 50000ms",Functional Issue,Jitendra Nakra,,
@regression @Calculator @FWD-1040 @P1 @fail, - User Chose to see plans based on Premium -Sum Assurance Stepper Config,"I open ""Stepper ValueProtector Page""","An element could not be located on the page using the given search parameters (""//*[@class='MuiList-root MuiMenu-list MuiList-padding']//li[contains(@data-value'monthly')]"").",Functional Issue,Jitendra Nakra,,
@regression @StepperCommonElement @FWD-4463 @StepperCommonElements @FWD-4463 @P1, StepperCommonElements - Validating the Components Presence,"I open ""Accident And Health Page""","element (""(//*[@data-locator='Stepper-link-item']//*[@data-mui-test='ArrowForwardIosIcon'])[1]"") still not visible after 50000ms",Functional Issue,Not Assigned,,
@regression @StepperCommonElement @FWD-4463 @FWD-4463 @P3, StepperCommonElements - Validating the CSS,"I open ""Accident And Health Page""","element (""(//*[@data-locator='Stepper-link-item']//*[@data-mui-test='ArrowForwardIosIcon'])[1]"") still not visible after 50000ms",Functional Issue,Not Assigned,,
@regression @SupportOptions @P1 @FWD-1830 @desktop @defect-CMS @fail, Support Options - Validating the Sub Components Presence,"I open ""AboutFWD Page""","element (""(//div[@data-locator='Support-Item-Wrapper']//div[@data-locator='Support-Item']//img)[1]"") still not visible after 50000ms",Defect,Anjali Gulati,,
@regression @TNC @P1, TNC - Validating the Components Presence,"I open ""ValueProtector Page""","element (""//*[@data-locator='ProductPlanList-Primary-Cta']"") still not visible after 50000ms",Functional Issue,Rajiv Gautam,,
@regression @TNC @P3, TNC - Validating the CSS,"I open ""ValueProtector Page""","element (""//*[@data-locator='ProductPlanList-Primary-Cta']"") still not visible after 50000ms",Functional Issue,Rajiv Gautam,,