[
  {
    "AuthParams": {
      "code_challenge":"j3wKnK2Fa_mc2tgdqa6GtUfCYjdWSA5S23JKTTtPF8Y",
      "code_challenge_method":"S256",
      "client_id":"Y9Ttm1tAuBNoOAAVACmLGlMl415Sv7w4",
      "state":"checkstate612",
      "scope":"openid profile",
      "redirect_uri":"https://app.pre01.if.e.lloydsbanking.com/view-account-overview",
      "response_type":"code"
    },
    "AccessForm": {
      "client_id":"Y9Ttm1tAuBNoOAAVACmLGlMl415Sv7w4",
      "grant_type":"authorization_code",
      "code_verifier":"ZpJiIM_G0SE9WlxzS69Cq0mQh8uyFaeEbILlW8tHs62SmEE6n7Nke0XJGx_F4OduTI4",
      "redirect_uri":"https://app.pre01.if.e.lloydsbanking.com/view-account-overview"
    }
  }
]