[
  {
    "CustomerId": "f76c6e24-ca19-433d-bb50-3153ba4224c2",
    "user_id": "PnAGreaterThan1626276449",
    "pwd": "Password123",
    "miphrase": "A23456789",
    "AccountDetails": [
      {
        "AccountId": "fdc35b05-61ac-3838-3c46-969664580dbe",
        "AccountNumber": "95706859",
        "SortCode": "119160"
      },
      {
        "AccountId": "764c7d29-0e33-cccc-c444-914da92c5863",
        "AccountNumber": "74099839",
        "SortCode": "119160"
      },
      {
        "AccountId": "fdc35b05-61ac-3838-3c46-969664580dbe",
        "AccountNumber": "95706859",
        "SortCode": "119160"
      },
      {
        "AccountId": "ff9e2ee1-8441-756d-c942-4035caf7278e",
        "AccountNumber": "63046684",
        "SortCode": "119160"
      },
      {
        "AccountId": "70db845c-d282-d3e6-9fe8-50da1e44a6d3",
        "AccountNumber": "28476729",
        "SortCode": "119160"
      },
      {
        "AccountId": "809ecc8a-04c5-19f3-cd08-4ae83ee5eaee",
        "AccountNumber": "68138619",
        "SortCode": "119160"
      }
    ]
  },
  {
    "CustomerId": "a17ea21e-4c72-4584-90fc-3337d117be6d",
    "user_id": "PnAGreaterThan16747202265",
    "pwd": "Password123",
    "miphrase": "A23456789",
    "AccountDetails": [
      {
        "AccountId": "764c7d29-0e33-cccc-c444-914da92c5863",
        "AccountNumber": "74099839",
        "SortCode": "119160"
      },
      {
        "AccountId": "5280b146-7804-9567-93e4-a66901f32e47",
        "AccountNumber": "72876451",
        "SortCode": "119160"
      },
      {
        "AccountId": "d2cbe073-0ce0-fb7c-ac7d-08a53a5f6743",
        "AccountNumber": "52822798",
        "SortCode": "119160"
      },
      {
        "AccountId": "c5465be4-b8f5-c869-96f5-aeb7d70a74b5",
        "AccountNumber": "17845793",
        "SortCode": "119160"
      },
      {
        "AccountId": "10f8eb85-f7a4-b572-d651-e3dee0927e44",
        "AccountNumber": "72315963",
        "SortCode": "119160"
      },
      {
        "AccountId": "68e306d0-6c3d-fe5a-7c6e-7c6b335e5f6c",
        "AccountNumber": "92274935",
        "SortCode": "119160"
      }
    ]
  },
  {
    "CustomerId": "95d6b4df-d860-4b48-ad12-86cc4d53daca",
    "user_id": "PnAGreaterThan1668963259",
    "pwd": "Password123",
    "miphrase": "A23456789",
    "AccountDetails": [
      {
        "AccountId": "4f5f9aa2-2890-dd70-dbd6-88363e0ec766",
        "AccountNumber": "30068449",
        "SortCode": "119160"
      },
      {
        "AccountId": "8a86024f-c94f-8207-62b8-de8479599cdf",
        "AccountNumber": "75765958",
        "SortCode": "119160"
      },
      {
        "AccountId": "20b1d89a-4a6b-8b96-ee9c-d2625f3e1dae",
        "AccountNumber": "28040608",
        "SortCode": "119160"
      },
      {
        "AccountId": "e3157cc1-2eff-d169-2436-213558d97fa5",
        "AccountNumber": "38279501",
        "SortCode": "119160"
      },
      {
        "AccountId": "76f3609f-36b3-a410-b827-196807b92a0a",
        "AccountNumber": "09231796",
        "SortCode": "119160"
      },
      {
        "AccountId": "7a88b2d2-d19b-1b95-d8c3-a67fae7f4e20",
        "AccountNumber": "68721562",
        "SortCode": "119160"
      },
      {
        "AccountId": "c1a86a86-0bd0-1954-8ca2-8701c63ad0ff",
        "AccountNumber": "61788360",
        "SortCode": "119160"
      },
      {
        "AccountId": "61abfce6-4760-56a8-fa3e-10f8c6a230bc",
        "AccountNumber": "42650960",
        "SortCode": "119160"
      },
      {
        "AccountId": "94a44780-846e-80a7-500a-95bd75903eba",
        "AccountNumber": "96770995",
        "SortCode": "119160"
      },
      {
        "AccountId": "1f23ef4b-2493-cef0-e08c-9abb158a96f4",
        "AccountNumber": "50565563",
        "SortCode": "119160"
      },
      {
        "AccountId": "8ad57683-26d5-ed78-37e3-933c0fe01df2",
        "AccountNumber": "90792201",
        "SortCode": "119160"
      },
      {
        "AccountId": "a4e9fe81-2b04-a95d-3532-77cc39a896c3",
        "AccountNumber": "05878699",
        "SortCode": "119160"
      },
      {
        "AccountId": "b9ca9d1b-7920-a5e7-78ed-30f52bc23c17",
        "AccountNumber": "53637310",
        "SortCode": "119160"
      }
    ]
  },
  {
    "CustomerId": "414cec38-5dff-4119-a3a4-0a9b1643f2e5",
    "user_id": "PnAGreaterThan16347292653",
    "pwd": "Password123",
    "miphrase": "A23456789",
    "AccountDetails": [
      {
        "AccountId": "d6eb1543-8fd4-928d-6bc3-75c984248411",
        "AccountNumber": "49757032",
        "SortCode": "119160"
      },
      {
        "AccountId": "fd1510c0-9a92-2aa8-b18b-ee68c3102233",
        "AccountNumber": "19185990",
        "SortCode": "119160"
      },
      {
        "AccountId": "bf1b0d89-3dd4-2a32-1d91-71aa6f8e168e",
        "AccountNumber": "53153490",
        "SortCode": "119160"
      },
      {
        "AccountId": "e71cd519-0918-fc49-1c60-93b71f600ddc",
        "AccountNumber": "85116713",
        "SortCode": "119160"
      },
      {
        "AccountId": "dff191ef-7b49-e3ff-492a-1d9e72ee7da4",
        "AccountNumber": "71147003",
        "SortCode": "119160"
      }
    ]
  },
  {
    "CustomerId": "363f1127-ecfd-4a4d-aba1-0fbe1927a59f",
    "user_id": "PnAGreaterThan1636580447",
    "pwd": "Password123",
    "miphrase": "A23456789",
    "AccountDetails": [
      {
        "AccountId": "9a42278a-766e-033e-3db0-72bc93bc0c63",
        "AccountNumber": "06568000",
        "SortCode": "119160"
      },
      {
        "AccountId": "16308605-d30f-f09e-005d-3e66674d90ae",
        "AccountNumber": "27019918",
        "SortCode": "119160"
      },
      {
        "AccountId": "11688d46-e4e0-1160-9e1c-44325c995976",
        "AccountNumber": "41854969",
        "SortCode": "119160"
      },
      {
        "AccountId": "fc792cfc-0fa0-5967-9117-245ec20b2d21",
        "AccountNumber": "46689394",
        "SortCode": "119160"
      },
      {
        "AccountId": "3979b2ce-6e4e-8173-cf1f-ad641dab4517",
        "AccountNumber": "11355963",
        "SortCode": "119160"
      },
      {
        "AccountId": "58b3844a-c159-762a-5a8b-1e3f848a271b",
        "AccountNumber": "69542553",
        "SortCode": "119160"
      },
      {
        "AccountId": "464ebfab-5c78-00b4-bf0d-c3fde6a221e4",
        "AccountNumber": "51194710",
        "SortCode": "119160"
      },
      {
        "AccountId": "7316b5c4-d04b-3f7a-d08f-7a7951087fcc",
        "AccountNumber": "72328859",
        "SortCode": "119160"
      },
      {
        "AccountId": "77598990-778f-3df0-6472-ebee3627dad9",
        "AccountNumber": "86931946",
        "SortCode": "119160"
      },
      {
        "AccountId": "23927090-a4a2-8a6f-bf25-c54c0913ff8f",
        "AccountNumber": "89731921",
        "SortCode": "119160"
      },
      {
        "AccountId": "6ecc7961-149a-a5c9-bbe9-a92a72797c8e",
        "AccountNumber": "31564990",
        "SortCode": "119160"
      },
      {
        "AccountId": "8a82e639-75dd-d3e8-e48a-8ac62ae7f371",
        "AccountNumber": "50745058",
        "SortCode": "119160"
      }
    ]
  },
  {
    "CustomerId": "31477ba0-9bf9-4f48-b481-f46afdea943e",
    "user_id": "PnAGreaterThan16599282867",
    "pwd": "Password123",
    "miphrase": "A23456789",
    "AccountDetails": [
      {
        "AccountId": "a1f95368-f343-d6db-0a9b-d9f4039402bf",
        "AccountNumber": "56676257",
        "SortCode": "119160"
      },
      {
        "AccountId": "0dc8f536-e2a2-27bf-983c-749ac8ad1d87",
        "AccountNumber": "70833686",
        "SortCode": "119160"
      },
      {
        "AccountId": "1be62f7e-b913-ff4b-0b36-b7ed7bbf8420",
        "AccountNumber": "27700442",
        "SortCode": "119160"
      },
      {
        "AccountId": "8fc5625a-c421-87fd-3eb4-af067aea804c",
        "AccountNumber": "24620684",
        "SortCode": "119160"
      },
      {
        "AccountId": "5f482abe-ee3f-5d45-4ea1-41952bb657b1",
        "AccountNumber": "59627968",
        "SortCode": "119160"
      },
      {
        "AccountId": "d4aafb93-58a2-7373-181c-64dca7b27a42",
        "AccountNumber": "78701117",
        "SortCode": "119160"
      },
      {
        "AccountId": "e5353086-8809-54bd-42bd-8d2904624857",
        "AccountNumber": "55596597",
        "SortCode": "119160"
      },
      {
        "AccountId": "29b9f8e0-7955-b2b1-c3f8-279c667f03cd",
        "AccountNumber": "17911678",
        "SortCode": "119160"
      }
    ]
  },
  {
    "CustomerId": "32d34d2c-22ab-4d7d-abc3-20bfb2c3d4bf",
    "user_id": "PnAGreaterThan161801112072",
    "pwd": "Password123",
    "miphrase": "A23456789",
    "AccountDetails": [
      {
        "AccountId": "0f06e8d5-1bff-43f3-1abd-4a7217ac7ad6",
        "AccountNumber": "58032939",
        "SortCode": "119160"
      },
      {
        "AccountId": "781acfd7-a78c-f112-817b-e8c04bf3c3c8",
        "AccountNumber": "75015768",
        "SortCode": "119160"
      },
      {
        "AccountId": "485c1310-7cd7-3f78-bc95-b974167726ed",
        "AccountNumber": "64607955",
        "SortCode": "119160"
      },
      {
        "AccountId": "2a1f6ed0-e421-adad-d6fd-80358f2bf9ca",
        "AccountNumber": "95433488",
        "SortCode": "119160"
      },
      {
        "AccountId": "b4f8e897-1431-a867-7cb1-1a4b33b078d9",
        "AccountNumber": "70334792",
        "SortCode": "119160"
      },
      {
        "AccountId": "82700305-05c5-9c52-db18-634f42eb843d",
        "AccountNumber": "26444349",
        "SortCode": "119160"
      },
      {
        "AccountId": "30091817-c320-40d8-4664-fa04196c834e",
        "AccountNumber": "96524822",
        "SortCode": "119160"
      }
    ]
  },
  {
    "CustomerId": "71a1a366-30ab-4ea8-92c9-03194725f689",
    "user_id": "PnAGreaterThan161494049196",
    "pwd": "Password123",
    "miphrase": "A23456789",
    "AccountDetails": [
      {
        "AccountId": "6b31f1f3-8390-9d07-1606-b629b49e0786",
        "AccountNumber": "26887562",
        "SortCode": "119160"
      },
      {
        "AccountId": "61745515-0294-b800-2907-89955c9ca48b",
        "AccountNumber": "50161199",
        "SortCode": "119160"
      },
      {
        "AccountId": "a8253add-d3b9-6e58-5ee2-c73ec47a9e10",
        "AccountNumber": "97140131",
        "SortCode": "119160"
      },
      {
        "AccountId": "dcbd2738-9d39-0463-57da-1b2383c8aeca",
        "AccountNumber": "43458496",
        "SortCode": "119160"
      },
      {
        "AccountId": "024b88f2-b28d-dffe-3e09-c62c3974e873",
        "AccountNumber": "41648460",
        "SortCode": "119160"
      },
      {
        "AccountId": "f88993d4-0cc6-9312-b452-aa85edd8a1fb",
        "AccountNumber": "56383391",
        "SortCode": "119160"
      }
    ]
  },
  {
    "CustomerId": "dd07997f-9522-4426-9fbd-0bde87141f43",
    "user_id": "PnAGreaterThan161115613513",
    "pwd": "Password123",
    "miphrase": "A23456789",
    "AccountDetails": [
      {
        "AccountId": "e2e75fcb-0c5d-5e4f-0edd-a5500412b0d2",
        "AccountNumber": "02734267",
        "SortCode": "119160"
      },
      {
        "AccountId": "058fa959-fa40-3946-46f3-3e5b6556c67c",
        "AccountNumber": "65378697",
        "SortCode": "119160"
      },
      {
        "AccountId": "503735a7-577d-0ced-5546-230d8fc1bea4",
        "AccountNumber": "60649423",
        "SortCode": "119160"
      },
      {
        "AccountId": "84fcd63a-1c38-cd1e-0d01-5dd6a9abece6",
        "AccountNumber": "00938159",
        "SortCode": "119160"
      },
      {
        "AccountId": "31780025-1e0a-e57c-968d-f2087acb4480",
        "AccountNumber": "61746939",
        "SortCode": "119160"
      },
      {
        "AccountId": "bcb4b03f-c688-34df-c241-926a9026b3f3",
        "AccountNumber": "05098546",
        "SortCode": "119160"
      },
      {
        "AccountId": "f2150ea0-3a52-1b9d-2a38-a8781cce6cee",
        "AccountNumber": "28323111",
        "SortCode": "119160"
      },
      {
        "AccountId": "161c9a97-22e5-c49f-0dec-895f44427a7d",
        "AccountNumber": "02436152",
        "SortCode": "119160"
      },
      {
        "AccountId": "0639e87b-3829-08b5-ac6e-36db73bdc4a8",
        "AccountNumber": "65522112",
        "SortCode": "119160"
      },
      {
        "AccountId": "48752517-a062-c3b3-0cf7-ab9db5f7204e",
        "AccountNumber": "65956526",
        "SortCode": "119160"
      }
    ]
  },
  {
    "CustomerId": "f82ed53a-609d-44f4-bbfe-2763e854fb17",
    "user_id": "PnAGreaterThan161415389006",
    "pwd": "Password123",
    "miphrase": "A23456789",
    "AccountDetails": [
      {
        "AccountId": "71c2c4c9-adf7-775e-aeae-b5efa6b08f1c",
        "AccountNumber": "68253418",
        "SortCode": "119160"
      },
      {
        "AccountId": "308245ff-578a-23b6-0c01-807ecd3172a5",
        "AccountNumber": "99032484",
        "SortCode": "119160"
      },
      {
        "AccountId": "98a77440-5014-17a2-815d-05efc13c6e5c",
        "AccountNumber": "10471480",
        "SortCode": "119160"
      },
      {
        "AccountId": "8d7eb5ce-60ea-a3fe-bead-5d683b27546c",
        "AccountNumber": "19342815",
        "SortCode": "119160"
      },
      {
        "AccountId": "329f2e45-6b4d-ce67-5efb-90af4ab18bc6",
        "AccountNumber": "35704162",
        "SortCode": "119160"
      },
      {
        "AccountId": "fc5380c9-169f-467d-0d31-723937109b28",
        "AccountNumber": "91827717",
        "SortCode": "119160"
      },
      {
        "AccountId": "eb670ead-f8c7-a69e-1d09-7780c3c0a2da",
        "AccountNumber": "83054676",
        "SortCode": "119160"
      },
      {
        "AccountId": "a30bae38-29c9-8d6f-da6b-a49ed1fda66e",
        "AccountNumber": "04186276",
        "SortCode": "119160"
      },
      {
        "AccountId": "4f3d0ae5-37bf-baa4-601d-ea3a10bdffdd",
        "AccountNumber": "34330449",
        "SortCode": "119160"
      },
      {
        "AccountId": "594febc2-83e4-c864-2049-bfaf272005ce",
        "AccountNumber": "16878977",
        "SortCode": "119160"
      }
    ]
  },
  {
    "CustomerId": "e1774e76-5f96-4dd7-bb81-c965b96b6740",
    "user_id": "PnAGreaterThan16928361543",
    "pwd": "Password123",
    "miphrase": "A23456789",
    "AccountDetails": [
      {
        "AccountId": "8f431415-9028-93c3-ce45-57f09733a9da",
        "AccountNumber": "34595553",
        "SortCode": "119160"
      },
      {
        "AccountId": "8a56beda-476b-e3c4-9cd1-53ffacdbe3ba",
        "AccountNumber": "03311404",
        "SortCode": "119160"
      },
      {
        "AccountId": "9a792b09-dd6b-3c6b-ce95-00831ecc4f1a",
        "AccountNumber": "59318337",
        "SortCode": "119160"
      },
      {
        "AccountId": "84467605-315e-e747-ccd6-099af9c9bc14",
        "AccountNumber": "13247952",
        "SortCode": "119160"
      },
      {
        "AccountId": "89aaea4b-c957-68fd-30a4-aad949d540d1",
        "AccountNumber": "00628990",
        "SortCode": "119160"
      },
      {
        "AccountId": "dd6a0f71-51a5-5e82-67b3-c5e6e175fe9b",
        "AccountNumber": "53820890",
        "SortCode": "119160"
      },
      {
        "AccountId": "6e10f9f3-55e2-f4b2-123a-2e2584b086ce",
        "AccountNumber": "95071379",
        "SortCode": "119160"
      }
    ]
  },
  {
    "CustomerId": "f9dd2ba6-78bd-4a91-b0e4-a0bba751cd86",
    "user_id": "PnAGreaterThan161083994661",
    "pwd": "Password123",
    "miphrase": "A23456789",
    "AccountDetails": [
      {
        "AccountId": "61b9eaf4-3b4c-bbed-c4e2-5591959a2427",
        "AccountNumber": "09026089",
        "SortCode": "119160"
      },
      {
        "AccountId": "cad15820-68a6-0e8e-4185-7f5233f471f8",
        "AccountNumber": "86663333",
        "SortCode": "119160"
      },
      {
        "AccountId": "bace9c39-77f5-8c97-81dd-16e9a557455b",
        "AccountNumber": "97267595",
        "SortCode": "119160"
      },
      {
        "AccountId": "3af2b9b8-86e1-f71c-c45b-3074b3a2ed42",
        "AccountNumber": "27951383",
        "SortCode": "119160"
      }
    ]
  },
  {
    "CustomerId": "1116b747-a6c3-4542-9ae3-35f17d97a00a",
    "user_id": "PnAGreaterThan161837515156",
    "pwd": "Password123",
    "miphrase": "A23456789",
    "AccountDetails": [
      {
        "AccountId": "b3707c8b-c55f-55b1-7bbb-6e1c2a30c5ed",
        "AccountNumber": "64317373",
        "SortCode": "119160"
      },
      {
        "AccountId": "990f7d8c-d221-c78a-32b1-6aec3ab036dc",
        "AccountNumber": "71636062",
        "SortCode": "119160"
      },
      {
        "AccountId": "b097d290-a822-b6e2-37dd-c30616d4992d",
        "AccountNumber": "34073130",
        "SortCode": "119160"
      },
      {
        "AccountId": "2c7571c4-003f-ae63-0cc6-ae92a0c2f925",
        "AccountNumber": "83692723",
        "SortCode": "119160"
      },
      {
        "AccountId": "ba5323d4-3d6d-8e8e-e22e-d02a3e872833",
        "AccountNumber": "98979149",
        "SortCode": "119160"
      }
    ]
  },
  {
    "CustomerId": "3da54b95-1405-4431-8283-f75bc71bb0e6",
    "user_id": "PnAGreaterThan161021579584",
    "pwd": "Password123",
    "miphrase": "A23456789",
    "AccountDetails": [
      {
        "AccountId": "20cfce2a-ca15-7d39-269d-117572492b0b",
        "AccountNumber": "38820544",
        "SortCode": "119160"
      },
      {
        "AccountId": "a95e4091-c14a-153d-5459-f0c6e0393d63",
        "AccountNumber": "37206232",
        "SortCode": "119160"
      },
      {
        "AccountId": "63cf4eac-0cd4-d55e-736e-bf65e6a4672c",
        "AccountNumber": "89847180",
        "SortCode": "119160"
      },
      {
        "AccountId": "29b72925-784f-1e73-1e89-2dfaa2436bf7",
        "AccountNumber": "24274201",
        "SortCode": "119160"
      },
      {
        "AccountId": "887630fb-1f98-619e-b7ff-612d87f79102",
        "AccountNumber": "97447601",
        "SortCode": "119160"
      },
      {
        "AccountId": "6de5d495-2ca0-3864-67af-c51876189ca8",
        "AccountNumber": "09053695",
        "SortCode": "119160"
      },
      {
        "AccountId": "5ba8208c-e290-2206-d236-e532bc8b730a",
        "AccountNumber": "14529598",
        "SortCode": "119160"
      },
      {
        "AccountId": "5f5edb30-7cde-cda8-8648-cc1bda0fdc56",
        "AccountNumber": "81105611",
        "SortCode": "119160"
      }
    ]
  },
  {
    "CustomerId": "10052b3d-24db-499a-bc04-505c5e5fef88",
    "user_id": "PnAGreaterThan161545792433",
    "pwd": "Password123",
    "miphrase": "A23456789",
    "AccountDetails": [
      {
        "AccountId": "037f3258-f018-d354-ded2-c042e5d8335f",
        "AccountNumber": "59042168",
        "SortCode": "119160"
      },
      {
        "AccountId": "5fd5d3cf-6e09-5d55-fc95-b8bdbcc25568",
        "AccountNumber": "51243962",
        "SortCode": "119160"
      },
      {
        "AccountId": "d154749e-0296-d44e-ff12-c33f8cdf0075",
        "AccountNumber": "40180416",
        "SortCode": "119160"
      },
      {
        "AccountId": "ed53c082-54a7-c581-a935-0a6946aec46f",
        "AccountNumber": "96706247",
        "SortCode": "119160"
      },
      {
        "AccountId": "416017a9-742c-d85a-3b9c-dc71e4b60a8c",
        "AccountNumber": "85951184",
        "SortCode": "119160"
      },
      {
        "AccountId": "39f4fe5d-bd48-30cd-1956-0ffc1e4d17c8",
        "AccountNumber": "16137788",
        "SortCode": "119160"
      },
      {
        "AccountId": "06fc93c2-6707-18ab-1bc0-6dcafe1f51b9",
        "AccountNumber": "66481326",
        "SortCode": "119160"
      },
      {
        "AccountId": "42b06e7c-691b-6c16-473c-e342a8dabbde",
        "AccountNumber": "57624470",
        "SortCode": "119160"
      }
    ]
  },
  {
    "CustomerId": "4f51123d-2478-44b4-8c8b-8bdc27fef0fc",
    "user_id": "PnAGreaterThan161605820525",
    "pwd": "Password123",
    "miphrase": "A23456789",
    "AccountDetails": [
      {
        "AccountId": "5c9be2d5-9116-c17e-2a2f-c9ee0cebcaee",
        "AccountNumber": "46409306",
        "SortCode": "119160"
      },
      {
        "AccountId": "43d3c89b-700f-b2b4-4213-dc9dd51f29e7",
        "AccountNumber": "52917085",
        "SortCode": "119160"
      },
      {
        "AccountId": "e5e1cadc-d8ea-0b49-a6d2-144c0e68ad6c",
        "AccountNumber": "66133059",
        "SortCode": "119160"
      },
      {
        "AccountId": "cf7c30f2-7b14-e215-2071-0b1f33a839fc",
        "AccountNumber": "02118891",
        "SortCode": "119160"
      },
      {
        "AccountId": "18040376-f309-33b8-58eb-1999c1d17086",
        "AccountNumber": "02393353",
        "SortCode": "119160"
      },
      {
        "AccountId": "1a190f46-6016-e810-73ca-0c310643d43f",
        "AccountNumber": "78839842",
        "SortCode": "119160"
      },
      {
        "AccountId": "63ed097e-2be3-9381-1033-e4edbd30fa80",
        "AccountNumber": "61945044",
        "SortCode": "119160"
      }
    ]
  },
  {
    "CustomerId": "c064ed3b-0554-4504-8538-5bd90f4e7185",
    "user_id": "PnAGreaterThan161588393334",
    "pwd": "Password123",
    "miphrase": "A23456789",
    "AccountDetails": [
      {
        "AccountId": "19d5b5fe-c2b2-6323-2c1e-4edaf4c67ca3",
        "AccountNumber": "15863236",
        "SortCode": "119160"
      },
      {
        "AccountId": "b6910ca1-7421-1759-e821-f255a78bb8c0",
        "AccountNumber": "98448392",
        "SortCode": "119160"
      },
      {
        "AccountId": "63203199-0837-af3f-cfcd-e8016f751579",
        "AccountNumber": "13285093",
        "SortCode": "119160"
      },
      {
        "AccountId": "4b182d56-473e-5145-cd8b-2130d282e4d7",
        "AccountNumber": "28069599",
        "SortCode": "119160"
      },
      {
        "AccountId": "08121775-6b91-9215-4441-9e3292246634",
        "AccountNumber": "01403708",
        "SortCode": "119160"
      },
      {
        "AccountId": "fa1adaa9-731e-1cf4-a1a5-0465ad9f3dc8",
        "AccountNumber": "76486216",
        "SortCode": "119160"
      },
      {
        "AccountId": "521436e2-f749-43e7-ad88-d2fe2f8b217e",
        "AccountNumber": "15207582",
        "SortCode": "119160"
      }
    ]
  },
  {
    "CustomerId": "078b708e-2483-447a-bcc2-2364ca8cfa9a",
    "user_id": "PnAGreaterThan16919173865",
    "pwd": "Password123",
    "miphrase": "A23456789",
    "AccountDetails": [
      {
        "AccountId": "d17cf0b5-c027-382e-37a8-2626354a5f32",
        "AccountNumber": "03300738",
        "SortCode": "119160"
      },
      {
        "AccountId": "259ac94e-9a97-c963-3286-ce0524ecf778",
        "AccountNumber": "16658312",
        "SortCode": "119160"
      },
      {
        "AccountId": "c28276ab-8ffe-085b-1d68-d3879864f66a",
        "AccountNumber": "19924810",
        "SortCode": "119160"
      },
      {
        "AccountId": "23e5450f-39ac-9d5c-a192-7166a4a14a51",
        "AccountNumber": "79785598",
        "SortCode": "119160"
      },
      {
        "AccountId": "c2d4afb6-2e86-1e18-f93a-fd812b8d355a",
        "AccountNumber": "95433561",
        "SortCode": "119160"
      },
      {
        "AccountId": "fcac9173-6f3b-8489-608e-86effef46a72",
        "AccountNumber": "24967119",
        "SortCode": "119160"
      }
    ]
  },
  {
    "CustomerId": "bf080ebb-b64b-4663-898d-9ecae9b8e5ba",
    "user_id": "PnAGreaterThan162012250420",
    "pwd": "Password123",
    "miphrase": "A23456789",
    "AccountDetails": [
      {
        "AccountId": "1220510c-1bf0-fa43-c5eb-23f2709c13c8",
        "AccountNumber": "81219123",
        "SortCode": "119160"
      },
      {
        "AccountId": "cdb3b9bb-1c7e-7bff-6067-3895a2f14469",
        "AccountNumber": "22135495",
        "SortCode": "119160"
      }
    ]
  },
  {
    "CustomerId": "f2c4e5f6-cf0b-4ca6-a785-e9d1180ccb3e",
    "user_id": "PnAGreaterThan1691938545",
    "pwd": "Password123",
    "miphrase": "A23456789",
    "AccountDetails": [
      {
        "AccountId": "746d2a01-12ef-309f-1d48-da822fae7158",
        "AccountNumber": "70023668",
        "SortCode": "119160"
      },
      {
        "AccountId": "c70c6520-7595-62d7-140e-bbb548de630d",
        "AccountNumber": "73263519",
        "SortCode": "119160"
      },
      {
        "AccountId": "93e25d54-942c-a71b-fc95-6e7d8963946a",
        "AccountNumber": "34219519",
        "SortCode": "119160"
      }
    ]
  },
  {
    "CustomerId": "8eb54b2d-eeaf-43eb-9af6-1d2a26805e0d",
    "user_id": "PnAGreaterThan161280240096",
    "pwd": "Password123",
    "miphrase": "A23456789",
    "AccountDetails": [
      {
        "AccountId": "afcbeb3d-aa11-03b8-1a94-0e7d3e8f5bca",
        "AccountNumber": "61202388",
        "SortCode": "119160"
      }
    ]
  }
]