{
  "authId": "{ABCD}",
  "callbacks": [
    {
      "type": "NameCallback",
      "output": [
        {
          "name": "prompt",
          "value": "{\"currentState\":\"USERID_AND_PASSWORD\",\"currentStateAction\":\"VALIDATE\",\"nextState\":\"MI\",\"nextStateValue\":\"{\\\"miChallengeInformation\\\":[{\\\"pos\\\":{pos1}},{\\\"pos\\\":{pos2}},{\\\"pos\\\":{pos3}}]}\",\"currentStateValue\":null,\"availableAuthMethods\":[\"MI\"]}"
        }
      ],
      "input": [
        {
          "name": "IDToken1",
          "value": "{\"currentState\":\"MI\",\"currentStateAction\":\"VALIDATE\",\"currentStateValue\":\"{\\\"miChallengeInformation\\\":[{\\\"pos\\\":{pos1},\\\"value\\\":\\\"{val1}\\\"},{\\\"pos\\\":{pos2},\\\"value\\\":\\\"{val2}\\\"},{\\\"pos\\\":{pos3},\\\"value\\\":\\\"{val3}\\\"}]}\"}"
        }
      ]
    },
    {
      "type": "MetadataCallback",
      "output": [
        {
          "name": "data",
          "value": {}
        }
      ]
    },
    {
      "type": "TextOutputCallback",
      "output": [
        {
          "name": "message",
          "value": " "
        },
        {
          "name": "messageType",
          "value": "0"
        }
      ]
    }
  ]
}