{
  "authId": "{ABCD}",
  "callbacks": [
    {
      "type": "NameCallback",
      "output": [
        {
          "name": "prompt",
          "value": "{\"currentCallbackState\":null,\"currentCallbackStateAction\":null,\"nextCallbackState\":\"USERID_AND_PASSWORD\",\"nextStateValue\":null,\"availableAuthMethods\":null}"
        }
      ],
      "input": [
        {
          "name": "IDToken1",
          "value": "{\"currentState\":\"USERID_AND_PASSWORD\",\"currentStateAction\":\"VALIDATE\", \"currentStateValue\":\"{\\\"userId\\\" :\\\"{user_id}\\\", \\\"password\\\" : \\\"{pwd}\\\"}\"}"
        }
      ]
    },
    {
      "type": "MetadataCallback",
      "output": [
        {
          "name": "data",
          "value": ""
        }
      ],
      "_id": 1
    },
    {
      "type": "TextOutputCallback",
      "output": [
        {
          "name": "message",
          "value": "Informational Message"
        },
        {
          "name": "messageType",
          "value": "0"
        }
      ]
    }
  ]
}