{
  "ep-cus-customer-service": "refs/heads/master",
  "ep-channel-web-app": "refs/heads/develop",
  "ep-cus-ocis-service": "refs/heads/master",
  "ep-cus-manage-customer-service": "refs/heads/master",
  "ep-cus-search-service": "refs/heads/master",
  "ep-data": "refs/heads/master",
  "ep-backend": "refs/heads/develop",
  "ep-risk-control": "refs/heads/master",
  "ep-cco": "refs/heads/master",
  "ep-scw-account-service": "refs/heads/master",
  "ep-scw-balance-service": "refs/heads/master",
  "ep-scw-transaction-service": "refs/heads/master",
  "ep-scw-product-service": "refs/heads/master",
  "ep-scw-plan-listener-service": "refs/heads/master",
  "ep-scw-debit-card-service": "refs/heads/master",
  "ep-scw-jbpm-spring-boot": "refs/heads/master",
  "ep-scw-debit-card-management-service ": "refs/heads/master"
}